Item,From,To,Time
1 Red Wagon,David,Alice,9:30 AM
1 Soccer Ball,Alice,David,10:00 AM
1 Solar Bag,Father,Mother,10:30 AM
1 Puzzle Set,Barry,Carol,11:00 AM
1 Hammock,Mother,Father,11:30 AM
1 Scooter,Carol,Barry,12:00 PM
1 Kitchen Set,Alice,Carol,12:30 PM
1 Lego Set,Carol,Alice,1:00 PM
1 Tool Set,David,Barry,1:30 PM
1 Tool Set,Barry,David,2:00 PM
1 Solar Bag,Mother,Father,2:30 PM
1 Hammock,Father,Mother,3:00 PM
1 Soccer Ball,David,Barry,3:30 PM
1 Coloring Pencil Set,Barry,David,4:00 PM
1 Soccer Ball,Barry,David,4:30 PM
 1 Train Set,Barry,David,5:00 PM
1 Scooter,Barry,David,5:30 PM
1 Tool Set,David,Barry,6:00 PM